datetime,created_at,updated_at,timestamp,zone_name,carbon_intensity_avg,carbon_intensity_production_avg,carbon_intensity_discharge_avg,carbon_intensity_import_avg,carbon_rate_avg,total_production_avg,total_storage_avg,total_discharge_avg,total_import_avg,total_export_avg,total_consumption_avg,production_sources,power_origin_percent_fossil_avg,power_origin_percent_renewable_avg,power_production_percent_fossil_avg,power_production_percent_renewable_avg,power_production_nuclear_avg,power_production_geothermal_avg,power_production_biomass_avg,power_production_coal_avg,power_production_wind_avg,power_production_solar_avg,power_production_hydro_avg,power_production_gas_avg,power_production_oil_avg,power_production_unknown_avg,power_consumption_nuclear_avg,power_consumption_geothermal_avg,power_consumption_biomass_avg,power_consumption_coal_avg,power_consumption_wind_avg,power_consumption_solar_avg,power_consumption_hydro_avg,power_consumption_gas_avg,power_consumption_oil_avg,power_consumption_unknown_avg,power_consumption_battery_discharge_avg,power_consumption_hydro_discharge_avg,carbon_origin_percent_nuclear_avg,carbon_origin_percent_geothermal_avg,carbon_origin_percent_biomass_avg,carbon_origin_percent_coal_avg,carbon_origin_percent_wind_avg,carbon_origin_percent_solar_avg,carbon_origin_percent_hydro_avg,carbon_origin_percent_gas_avg,carbon_origin_percent_oil_avg,carbon_origin_percent_unknown_avg,carbon_origin_percent_battery_discharge_avg,carbon_origin_percent_hydro_discharge_avg,power_net_discharge_battery_avg,power_net_discharge_hydro_avg,power_net_import_MX-BC_avg,carbon_intensity_exchange_MX-BC_avg,power_net_import_US-CAL-BANC_avg,carbon_intensity_exchange_US-CAL-BANC_avg,power_net_import_US-CAL-IID_avg,carbon_intensity_exchange_US-CAL-IID_avg,power_net_import_US-CAL-LDWP_avg,carbon_intensity_exchange_US-CAL-LDWP_avg,power_net_import_US-CAL-TIDC_avg,carbon_intensity_exchange_US-CAL-TIDC_avg,power_net_import_US-NW-BPAT_avg,carbon_intensity_exchange_US-NW-BPAT_avg,power_net_import_US-NW-NEVP_avg,carbon_intensity_exchange_US-NW-NEVP_avg,power_net_import_US-NW-PACW_avg,carbon_intensity_exchange_US-NW-PACW_avg,power_net_import_US-SW-AZPS_avg,carbon_intensity_exchange_US-SW-AZPS_avg,power_net_import_US-SW-SRP_avg,carbon_intensity_exchange_US-SW-SRP_avg,power_net_import_US-SW-WALC_avg,carbon_intensity_exchange_US-SW-WALC_avg,latest_forecasted_wind_x_avg,latest_forecasted_wind_y_avg,latest_forecasted_solar_avg,latest_forecasted_temperature_avg,latest_forecasted_dewpoint_avg,latest_forecasted_precipitation_avg,latest_forecasted_price_avg,latest_forecasted_production_avg,latest_forecasted_consumption_avg,latest_forecasted_power_net_import_MX-BC_avg,latest_forecasted_power_net_import_US-CAL-BANC_avg,latest_forecasted_power_net_import_US-CAL-IID_avg,latest_forecasted_power_net_import_US-CAL-LDWP_avg,latest_forecasted_power_net_import_US-CAL-TIDC_avg,latest_forecasted_power_net_import_US-NW-BPAT_avg,latest_forecasted_power_net_import_US-NW-NEVP_avg,latest_forecasted_power_net_import_US-NW-PACW_avg,latest_forecasted_power_net_import_US-SW-AZPS_avg,latest_forecasted_power_net_import_US-SW-SRP_avg,latest_forecasted_power_net_import_US-SW-WALC_avg,latest_forecasted_production_solar_avg,latest_forecasted_production_wind_avg
2020-01-01T00:00:00+00:00,2021-06-17T09:27:00.121955+00:00,2021-06-17T09:27:00.121955+00:00,1577836800,US-CAL-CISO,332.39,330.62,,335.73,,11294,,,6014,219,17089,eia.gov,60.96,21.29,65.46,14.41,2273,,,12,225,1403,,7290,91,,3041.1,5.27,29.96,1118.15,617.46,1611.83,1379.35,9019.02,143.99,138.72,0,0.12,,,,,,,,,,,,,,,37,453.12,182,251.99,386,460.86,2221,409.39,-219,332.39,1121,115.07,57,476.49,29,245.76,846,460.86,1055,264.07,80,469.07,0.96,-2.67,4.44,281.51,275.07,0,,,,,,,,,,,,,,,,
2020-01-01T01:00:00+00:00,2021-06-17T10:16:13.846180+00:00,2021-06-17T10:16:13.846180+00:00,1577840400,US-CAL-CISO,363.37,389.74,,328.34,,11698,,,8806,0,20504,eia.gov,67.3,16.39,78.68,1.9,2272,,,15,222,0,,9098,91,,3361.06,6.03,43.03,1538.57,865.63,62.89,2390.79,11929.02,154.1,188.48,0,0.16,,,,,,,,,,,,,,,64,453.12,496,205.65,252,460.86,3364,403.17,23,430.4,1648,107.57,62,497.55,37,305.55,1073,460.86,1549,291.72,238,471.41,0.94,-2.48,,280.05,274.63,,,,,,,,,,,,,,,,,
2020-01-01T02:00:00+00:00,2021-06-17T10:16:13.846180+00:00,2021-06-17T10:16:13.846180+00:00,1577844000,US-CAL-CISO,355.37,385.95,,321.42,,11468,,,10329,0,21797,eia.gov,65.15,19.01,77.89,2.29,2273,,,14,263,0,,8827,91,,3477.55,6.63,53.9,1770.99,1037.88,50.72,3005.2,12079.97,160.69,204.22,0,0.18,,,,,,,,,,,,,,,74,453.12,708,176.75,217,460.86,3874,394.75,88,378.45,1926,104.89,83,496.27,39,319.25,1224,460.86,1796,303.79,300,444.51,0.99,-2.43,,279.68,274.42,,,,,,,,,,,,,,,,,
2020-01-01T03:00:00+00:00,2021-06-17T10:16:13.846180+00:00,2021-06-17T10:16:13.846180+00:00,1577847600,US-CAL-CISO,346.76,374.28,,319.51,,10794,,,10904,0,21698,eia.gov,63,20.78,75.44,3.51,2272,,,12,379,0,,8040,91,,3549.36,7.13,58.35,1850.3,1134.33,55.35,3266.75,11452.53,166.18,218.31,0,0.19,,,,,,,,,,,,,,,87,453.12,778,171.82,233,460.86,4005,392.11,110,368.53,2055,107.64,102,496.88,41,326.2,1305,460.86,1876,303.34,312,438.51,1,-2.34,10.3,279.64,274.44,0,,,,,,,,,,,,,,,,
2020-01-01T04:00:00+00:00,2021-06-17T10:16:13.846180+00:00,2021-06-17T10:16:13.846180+00:00,1577851200,US-CAL-CISO,349.2,372.05,,326.77,,10504,,,10703,0,21207,eia.gov,63.43,19.88,75.09,3.28,2272,,,15,345,0,,7826,46,,3575.29,7.56,56.13,1856.75,1096.96,56.16,3021.33,11271.66,125.35,220.77,0,0.19,,,,,,,,,,,,,,,149,453.12,612,183.08,248,460.86,3910,396.94,94,354.23,2020,113.35,101,498.23,43,316.34,1349,460.86,1879,302.95,298,451.13,1.01,-2.28,,279.52,274.37,,,,,,,,,,,,,,,,,
2020-01-01T05:00:00+00:00,2021-06-17T10:16:13.846180+00:00,2021-06-17T10:16:13.846180+00:00,1577854800,US-CAL-CISO,355.73,374.15,,336.87,,10361,,,10116,0,20477,eia.gov,64.56,18.18,75.4,2.67,2272,,,12,277,0,,7710,90,,3551.65,7.64,47.07,1846.73,1073.24,56.68,2547.18,11000.77,170.13,212.36,0,0.19,,,,,,,,,,,,,,,76,453.12,460,201.35,273,460.86,3685,412.32,89,348.07,1885,117,101,500.81,43,321.06,1365,460.86,1870,302.61,269,463.55,1.05,-2.2,,279.4,274.31,,,,,,,,,,,,,,,,,
2020-01-01T06:00:00+00:00,2021-06-17T10:16:13.846180+00:00,2021-06-17T10:16:13.846180+00:00,1577858400,US-CAL-CISO,357.13,375.14,,338.18,,10342,,,9825,0,20167,eia.gov,64.94,17.64,75.6,2.4,2275,,,12,248,0,,7717,90,,3535.83,7.11,40.4,1799.29,1022.53,53.42,2448.34,10930.17,165.84,214.5,0,0.37,,,,,,,,,,,,,,,124,453.12,519,205.29,290,460.86,3529,420.97,94,348.13,1891,125.66,98,501.86,44,303.93,1266,460.86,1736,295.59,234,474.9,1.06,-2,0,279.34,274.24,0.08,,,,,,,,,,,,,,,,
2020-01-01T07:00:00+00:00,2021-06-17T10:16:13.846180+00:00,2021-06-17T10:16:13.846180+00:00,1577862000,US-CAL-CISO,359.68,376.39,,340.38,,10886,,,9427,0,20313,eia.gov,65.48,17.3,76.03,3.07,2275,,,10,334,0,,8221,46,,3541.61,6.75,52.59,1850.21,1232.04,50.93,2189.86,11138.29,119.59,222.01,0,0,,,,,,,,,,,,,,,160,453.12,470,217.35,295,460.86,3414,424.43,106,361.61,1835,130.05,111,503.9,39,339.96,1179,460.86,1596,285.38,222,469.47,1.12,-1.98,,279.27,274.15,,,,,,,,,,,,,,,,,
2020-01-01T08:00:00+00:00,2021-06-17T10:16:13.846180+00:00,2021-06-17T10:16:13.846180+00:00,1577865600,US-CAL-CISO,363.4,379.12,,344.53,,10944,,,9116,0,20060,eia.gov,66.26,16.29,76.6,2.61,2275,,,11,286,0,,8326,46,,3538,6.92,44.36,1833.58,1282.58,52.05,1899.38,11141.12,121.24,219.25,0,0,,,,,,,,,,,,,,,178,453.12,514,223.45,306,460.86,3045,446.36,65,391.18,1866,131.74,113,506.64,37,362.93,1193,460.86,1570,283.35,229,473.57,1.15,-1.94,,279.24,274.12,,,,,,,,,,,,,,,,,
2020-01-01T09:00:00+00:00,2021-06-17T10:16:13.846180+00:00,2021-06-17T10:16:13.846180+00:00,1577869200,US-CAL-CISO,364.25,379.97,,343.71,,11052,,,8454,0,19506,eia.gov,66.69,15.8,76.66,2.79,2272,,,9,308,0,,8372,91,,3433.84,5.81,33.04,1523.67,1323.44,43.82,1684.54,10857.76,154.52,482.93,0,0,,,,,,,,,,,,,,,99,453.12,505,225.76,307,676.86,2613,448.07,52,405.09,1861,122.01,95,509.24,37,335.5,1149,460.86,1498,280.96,238,457.54,1.15,-1.86,0,279.25,274.1,0.05,,,,,,,,,,,,,,,,
2020-01-01T10:00:00+00:00,2021-06-17T10:16:13.846180+00:00,2021-06-17T10:16:13.846180+00:00,1577872800,US-CAL-CISO,355.43,359.19,,350.46,,10409,,,7874,0,18283,eia.gov,64.77,16.72,72.3,5.85,2274,,,8,609,0,,7428,90,,3392.48,5.76,32.75,1417.83,1439.5,43.44,1539.73,9793.16,151.99,484.91,0,0,,,,,,,,,,,,,,,48,453.12,427,242.82,312,679.94,2510,445.27,8,444.04,1614,124.28,103,507.19,34,358.91,1139,460.86,1465,280,214,470.03,1.14,-1.86,,279.22,274.11,,,,,,,,,,,,,,,,,
2020-01-01T11:00:00+00:00,2021-06-17T10:16:13.846180+00:00,2021-06-17T10:16:13.846180+00:00,1577876400,US-CAL-CISO,352.59,360.93,,342.29,,9937,,,8042,6,17973,eia.gov,64.12,17.01,72.64,4.48,2274,,,9,445,0,,7118,91,,3402.99,5.59,31.76,1393.48,1270.29,41.72,1714.49,9497.09,152.06,489.69,0,0,,,,,,,,,,,,,,,65,453.12,550,243.76,307,684.31,2465,440.24,-6,352.59,1786,128.22,100,500.72,39,356.1,1100,460.86,1425,279.17,205,469.28,1.1,-1.85,,279.29,274.15,,,,,,,,,,,,,,,,,
2020-01-01T12:00:00+00:00,2021-06-17T10:16:13.846180+00:00,2021-06-17T10:16:13.846180+00:00,1577880000,US-CAL-CISO,343.96,347.46,,339.73,,9752,,,8077,13,17816,eia.gov,62.38,18.71,69.82,6.88,2272,,,9,671,0,,6710,90,,3384.35,5.34,30.37,1365.94,1565.99,39.98,1699.99,9118,148.75,490.64,0,0,,,,,,,,,,,,,,,83,453.12,621,247.41,306,685.62,2450,435.56,-13,343.96,1834,134.09,80,500.69,40,337.91,1045,460.86,1391,278.73,227,471.49,1.07,-1.73,31.62,279.25,274.24,0.33,,,,,,,,,,,,,,,,
2020-01-01T13:00:00+00:00,2021-06-17T10:16:13.846180+00:00,2021-06-17T10:16:13.846180+00:00,1577883600,US-CAL-CISO,346.22,350.26,,341.42,,9557,,,8045,24,17578,eia.gov,62.79,18.17,70.4,5.84,2271,,,9,558,0,,6629,90,,3361.89,5.35,30.42,1365.24,1587.01,39.58,1540.07,9045.1,148.68,488.37,0,0,,,,,,,,,,,,,,,85,453.12,569,245.44,306,684.99,2468,433.01,-24,346.22,1808,135.36,80,506.12,39,315.62,1041,460.86,1397,282.56,252,469.29,1.03,-1.77,,279.28,274.34,,,,,,,,,,,,,,,,,
2020-01-01T14:00:00+00:00,2021-06-17T10:16:13.846180+00:00,2021-06-17T10:16:13.846180+00:00,1577887200,US-CAL-CISO,338.61,336.7,,340.83,,9426,,,8103,37,17492,eia.gov,61.47,19.6,67.67,8.22,2272,,,9,775,0,,6312,58,,3331.98,5.25,29.81,1315.53,1809.05,40.57,1554.68,8857.6,114.9,475.98,0,0.15,,,,,,,,,,,,,,,111,453.12,617,254.27,294,685.31,2535,427.15,-37,338.61,1735,128.47,74,506.26,37,268.48,1021,460.86,1415,287.88,264,462.46,1.11,-1.7,,279.26,274.5,,,,,,,,,,,,,,,,,
2020-01-01T15:00:00+00:00,2021-06-17T10:16:13.846180+00:00,2021-06-17T10:16:13.846180+00:00,1577890800,US-CAL-CISO,339.92,346,,333.36,,9281,,,8592,55,17818,eia.gov,61.56,19.73,69.54,5.99,2271,,,9,406,150,,6399,46,,3356.42,5.42,30.83,1374.35,1446.79,193.53,1853.37,9028.34,104.55,474.87,0,0,,,,,,,,,,,,,,,122,453.12,633,238.2,293,680.31,2866,402.29,-55,339.92,1732,121.19,79,511.64,36,228.03,1047,460.86,1466,289.53,318,441.37,1.28,-1.49,0,279.41,274.72,0.21,,,,,,,,,,,,,,,,
2020-01-01T16:00:00+00:00,2021-06-17T10:16:13.846180+00:00,2021-06-17T10:16:13.846180+00:00,1577894400,US-CAL-CISO,280.65,238.87,,332.87,,10525,,,8421,96,18850,eia.gov,48.75,33.95,45.49,32.91,2273,,,10,761,2703,,4732,46,,3289.87,5.38,30.58,1318.82,1742.46,2849.3,1814.72,7283.5,103.56,500.27,0,0,,,,,,,,,,,,,,,169,453.12,780,253.9,342,660.63,2599,410.1,-96,280.65,1739,119.34,93,513.5,36,230.64,1027,460.86,1337,274.53,299,443.88,1.4,-1.49,,280.22,275.32,,,,,,,,,,,,,,,,,
2020-01-01T17:00:00+00:00,2021-06-17T10:16:13.846180+00:00,2021-06-17T10:16:13.846180+00:00,1577898000,US-CAL-CISO,239.42,192.32,,337.38,,13574,,,6527,257,19844,eia.gov,40.3,44.56,34.71,48.56,2272,,,10,951,5640,,4655,46,,3024.79,4.61,26.22,1045.81,1574.24,5955.14,1336.04,6308.7,94.31,561.63,0,0.11,,,,,,,,,,,,,,,146,453.12,405,250.83,509,602.22,2161,398.69,-255,239.42,1316,121.38,-2,239.42,29,232.44,903,460.86,927,241.25,131,457.79,1.5,-1.34,,281.35,275.69,,,,,,,,,,,,,,,,,
2020-01-01T18:00:00+00:00,2021-06-17T10:16:13.846180+00:00,2021-06-17T10:16:13.846180+00:00,1577901600,US-CAL-CISO,217.39,170.39,,354.14,,14073,,,4837,397,18513,eia.gov,35.66,49.15,29.68,54.17,2273,,,10,924,6699,,4111,56,,2828.13,4,22.73,843.44,1299.53,7020.91,794.57,5137.24,96.02,532.62,0,0,,,,,,,,,,,,,,,103,453.12,98,284.94,538,577.69,1799,376.78,-393,217.39,682,120.18,-4,217.39,21,215.97,832,460.86,744,229.34,20,460.08,1.8,-1.39,287.55,282.15,276.17,0.28,,,,,,,,,,,,,,,,
2020-01-01T19:00:00+00:00,2021-06-17T10:16:13.846180+00:00,2021-06-17T10:16:13.846180+00:00,1577905200,US-CAL-CISO,209.18,162.37,,354.6,,14325,,,4612,466,18471,eia.gov,34.19,50.69,28.17,55.95,2275,,,9,1532,6483,,3964,62,,2805.26,3.99,22.67,807.35,1896.63,6753.75,716.33,4892.81,101.35,519.23,0,0,,,,,,,,,,,,,,,78,453.12,98,289.04,533,582.46,1676,375.63,-437,209.18,625,115.01,-29,209.18,18,200.24,842,460.86,729,222.54,13,459.35,2.27,-1.68,,282.88,276.64,,,,,,,,,,,,,,,,,
2020-01-01T20:00:00+00:00,2021-06-17T10:16:13.846180+00:00,2021-06-17T10:16:13.846180+00:00,1577908800,US-CAL-CISO,209.31,161.27,,370.02,,14332,,,4284,516,18100,eia.gov,34.14,50.43,27.98,56.17,2272,,,9,1745,6305,,3918,83,,2800.23,4.17,23.68,809.04,2029.78,6519.26,568.67,4741.55,122.67,510.24,0,0,,,,,,,,,,,,,,,48,453.12,-11,209.31,532,584.71,1632,385.7,-440,209.31,403,110.62,-41,209.31,15,205.91,882,460.86,772,218.57,-24,209.31,2.81,-2.02,,283.37,276.95,,,,,,,,,,,,,,,,,
2020-01-01T21:00:00+00:00,2021-06-17T10:16:13.846180+00:00,2021-06-17T10:16:13.846180+00:00,1577912400,US-CAL-CISO,211.1,166.26,,372.28,,13931,,,3876,588,17219,eia.gov,35.2,48.95,29.67,54.02,2272,,,9,2521,5004,,4079,46,,2735.85,3.77,21.43,729.18,2737.54,5196.1,486.14,4781.91,82.2,472.19,0,0,,,,,,,,,,,,,,,50,453.12,-84,211.1,500,579.98,1492,377.36,-441,211.1,295,109.71,-63,211.1,13,202.93,793,460.86,705,218.25,28,462.69,3.19,-2.59,345.15,283.51,277.3,0.14,,,,,,,,,,,,,,,,
2020-01-01T22:00:00+00:00,2021-06-17T10:16:13.846180+00:00,2021-06-17T10:16:13.846180+00:00,1577916000,US-CAL-CISO,205.11,162.24,,372.01,,15032,,,3862,553,18341,eia.gov,33.85,51.07,28.37,56.51,2273,,,9,2299,6195,,4165,91,,2774.04,3.64,20.7,721.27,2525.21,6368.86,467.02,4888.51,124.88,477.02,0,0,,,,,,,,,,,,,,,52,453.12,-94,205.11,498,590.72,1485,376.58,-451,205.11,266,110.47,-5,205.11,14,205.6,774,460.86,773,220.9,-3,205.11,3.38,-3.16,,283.65,277.45,,,,,,,,,,,,,,,,,
2020-01-01T23:00:00+00:00,2021-06-17T10:16:13.846180+00:00,2021-06-17T10:16:13.846180+00:00,1577919600,US-CAL-CISO,226.8,188.76,,365.1,,14273,,,3926,535,17664,eia.gov,38.95,45.42,34.65,49.44,2270,,,10,2711,4346,,4844,92,,2770.21,3.39,19.29,696.07,2962.83,4537.43,518.31,5584.64,123.76,479.75,0,0,,,,,,,,,,,,,,,63,453.12,-53,226.8,477,603.83,1466,376.84,-456,226.8,393,113.15,27,430.78,16,210.17,726,460.86,758,224.69,-26,226.8,3.3,-3.4,,283.48,277.4,,,,,,,,,,,,,,,,,
2020-01-02T00:00:00+00:00,2021-06-17T10:16:13.846180+00:00,2021-06-17T10:16:13.846180+00:00,1577923200,US-CAL-CISO,269.77,238.62,,332.11,,11502,,,5748,298,16952,eia.gov,47.99,34.2,46.37,33.89,2271,,,10,2617,1281,,5233,90,,3039.51,4.14,23.51,917.75,3146.91,1505.52,1135.51,6645.77,131.55,451.21,0,0,,,,,,,,,,,,,,,118,453.12,294,279.92,364,648.56,1977,369.03,-298,269.77,932,107.57,32,469.75,24,229.32,787,460.86,1071,243.87,149,422.15,2.85,-3.22,2.42,282.69,277.53,0.23,,,,,,,,,,,,,,,,
2020-01-02T01:00:00+00:00,2021-06-17T10:16:13.846180+00:00,2021-06-17T10:16:13.846180+00:00,1577926800,US-CAL-CISO,296.97,282.52,,316.45,,10783,,,8002,211,18574,eia.gov,53.49,28.89,56.27,22.66,2272,,,9,2402,41,,5968,91,,3301.63,5.38,30.6,1230.08,3227.08,98.67,2021.74,8153.61,146.37,420.33,0,0,,,,,,,,,,,,,,,159,453.12,541,238.82,284,675,2648,365.79,-206,296.97,1558,100.69,-5,296.97,35,278.65,1035,460.86,1445,279.87,297,412.81,2.7,-3.24,,281.4,277.18,,,,,,,,,,,,,,,,,
2020-01-02T02:00:00+00:00,2021-06-17T10:16:13.846180+00:00,2021-06-17T10:16:13.846180+00:00,1577930400,US-CAL-CISO,301,287.35,,316.82,,10802,,,9314,152,19964,eia.gov,53.86,29.16,57.31,21.64,2273,,,9,2338,0,,6092,90,,3413.41,6.17,35.04,1478.68,3198.28,46.63,2555.19,8732.18,154.14,403.04,0,0,,,,,,,,,,,,,,,146,453.12,691,199.43,263,663.61,3139,369.44,-152,301,1729,102.87,21,500.39,36,330.76,1215,460.86,1679,295.18,395,397.12,2.74,-3.37,,280.98,276.95,,,,,,,,,,,,,,,,,
2020-01-02T03:00:00+00:00,2021-06-17T10:16:13.846180+00:00,2021-06-17T10:16:13.846180+00:00,1577934000,US-CAL-CISO,296.05,276.55,,318.71,,11234,,,9670,145,20759,eia.gov,52.72,30.78,55.08,24.7,2271,,,7,2775,0,,6090,91,,3444.5,6.49,36.91,1568.2,3546.53,50.76,2765.21,8818.5,158.61,411.78,0,0,,,,,,,,,,,,,,,120,453.12,824,194.71,268,660.43,3175,380.03,-145,296.05,1813,107.87,27,497.17,37,326.45,1273,460.86,1738,298.61,395,396.91,2.8,-3.54,7.37,280.85,277.01,0.2,,,,,,,,,,,,,,,,
2020-01-02T04:00:00+00:00,2021-06-17T10:16:13.846180+00:00,2021-06-17T10:16:13.846180+00:00,1577937600,US-CAL-CISO,304.79,299.39,,311.37,,11682,,,9600,118,21164,eia.gov,54.95,28.82,59.86,20.68,2273,,,8,2416,0,,6895,90,,3451.34,6.38,36.25,1482.71,3315.92,49.75,2706,9583.47,156.72,417.23,0,0,,,,,,,,,,,,,,,107,453.12,799,196.41,272,662.75,3032,365.7,-118,304.79,1950,110.28,41,488.43,40,319.99,1261,460.86,1725,297.87,373,406.97,2.74,-3.54,,280.48,276.76,,,,,,,,,,,,,,,,,
2020-01-02T05:00:00+00:00,2021-06-17T10:16:13.846180+00:00,2021-06-17T10:16:13.846180+00:00,1577941200,US-CAL-CISO,305.47,300.46,,311.86,,11966,,,9372,133,21205,eia.gov,55.24,28.67,60.09,20.9,2275,,,9,2501,0,,7091,90,,3430.95,6.17,35.07,1451.54,3533.93,46.76,2471.23,9698.34,155.27,419.34,0,0,,,,,,,,,,,,,,,116,453.12,680,212.79,269,669.04,2973,368.07,-133,305.47,2024,110.97,32,492.01,43,317.52,1203,460.86,1659,295.56,373,408.89,2.66,-3.65,,280.13,276.46,,,,,,,,,,,,,,,,,
2020-01-02T06:00:00+00:00,2021-06-17T10:16:13.846180+00:00,2021-06-17T10:16:13.846180+00:00,1577944800,US-CAL-CISO,291.84,272.08,,317.8,,11359,,,8648,152,19855,eia.gov,52.54,30.64,54.28,25.71,2273,,,8,2920,0,,6113,45,,3358.99,5.66,32.17,1330.39,3890.63,42.88,2124.79,8589.4,105.25,416.39,0,0,,,,,,,,,,,,,,,112,453.12,722,226.17,269,675.57,2544,395.36,-152,291.84,1959,110.49,60,500.17,42,310.8,1106,460.86,1521,289.47,313,438.6,2.49,-3.64,0,279.8,276.14,0.03,,,,,,,,,,,,,,,,
2020-01-02T07:00:00+00:00,2021-06-17T10:16:13.846180+00:00,2021-06-17T10:16:13.846180+00:00,1577948400,US-CAL-CISO,288.19,262.3,,322.05,,10813,,,8268,162,18919,eia.gov,51.63,30.68,52.09,26.88,2274,,,7,2906,0,,5535,91,,3368.99,5.23,29.7,1265.57,3899.53,39.67,1843.8,7926.56,147.8,440.82,0,0,,,,,,,,,,,,,,,130,453.12,598,237.44,286,678.82,2345,411.94,-162,288.19,2023,121.53,63,507.01,45,323.8,1049,460.86,1430,275.95,299,439.1,2.29,-3.69,,279.51,275.87,,,,,,,,,,,,,,,,,
2020-01-02T08:00:00+00:00,2021-06-17T10:16:13.846180+00:00,2021-06-17T10:16:13.846180+00:00,1577952000,US-CAL-CISO,284.87,253.61,,329.55,,10847,,,7587,168,18266,eia.gov,51.15,30.82,50.28,28.77,2272,,,7,3121,0,,5356,91,,3321.02,4.76,27.06,1163.83,3924.23,36.32,1650.45,7608.28,142.76,441.47,0,0,,,,,,,,,,,,,,,147,453.12,530,254.61,290,684.02,2221,420.93,-168,284.87,1788,124.71,40,510.85,40,302.63,969,460.86,1328,267.45,234,462.47,2.22,-3.67,,279.26,275.59,,,,,,,,,,,,,,,,,
2020-01-02T09:00:00+00:00,2021-06-17T10:16:13.846180+00:00,2021-06-17T10:16:13.846180+00:00,1577955600,US-CAL-CISO,286.14,251.88,,336.03,,10455,,,7178,134,17499,eia.gov,51.21,30.09,49.91,28.38,2270,,,7,2967,0,,5121,90,,3284.39,4.77,27.12,1144.56,3798.3,35.92,1404.84,7227.82,141.14,453.36,0,0,,,,,,,,,,,,,,,63,453.12,441,263.2,302,684.83,2150,428.53,-134,286.14,1641,127.73,39,510.72,38,267.64,954,460.86,1303,266.95,247,453.74,2.09,-3.67,0,279.19,275.81,0.02,,,,,,,,,,,,,,,,
2020-01-02T10:00:00+00:00,2021-06-17T10:16:13.846180+00:00,2021-06-17T10:16:13.846180+00:00,1577959200,US-CAL-CISO,301.6,276.14,,333.49,,9437,,,7533,109,16861,eia.gov,53.86,26.55,54.93,20.99,2272,,,7,1981,0,,5087,90,,3317,5.01,28.45,1214.09,2955.04,37.69,1456.77,7260.98,144.04,469.49,0,0,,,,,,,,,,,,,,,70,453.12,558,248.4,305,685.69,2196,432.23,-109,301.6,1768,123.4,70,514.76,39,323.48,991,460.86,1294,267.87,242,468.44,2.04,-3.68,,279,275.57,,,,,,,,,,,,,,,,,
2020-01-02T11:00:00+00:00,2021-06-17T10:16:13.846180+00:00,2021-06-17T10:16:13.846180+00:00,1577962800,US-CAL-CISO,304.4,277.64,,339.74,,9893,,,7492,113,17272,eia.gov,54.57,26.47,55.26,21.74,2275,,,7,2151,0,,5369,91,,3287.66,4.81,27.33,1217.23,3086.46,36.4,1421.8,7591.13,142.84,481.49,0,0,,,,,,,,,,,,,,,66,453.12,582,262.79,303,688.23,2326,434.2,-113,304.4,1652,123.44,88,518.69,38,346.46,938,460.86,1259,266.39,240,473.22,2.04,-3.78,,278.83,275.28,,,,,,,,,,,,,,,,,
2020-01-02T12:00:00+00:00,2021-06-17T10:16:13.846180+00:00,2021-06-17T10:16:13.846180+00:00,1577966400,US-CAL-CISO,306.86,282.97,,341.25,,10219,,,7098,103,17214,eia.gov,55.51,25.79,56.39,21.38,2272,,,8,2185,0,,5664,90,,3231.11,4.47,25.38,1122.43,3039.76,33.9,1341.9,7837.04,137.92,465.47,0,0,,,,,,,,,,,,,,,69,453.12,576,278.8,296,689.82,2228,429.87,-103,306.86,1492,118.82,75,520.23,35,295.87,877,460.86,1224,270.07,226,473.65,1.97,-3.8,88.08,278.7,275.07,0,,,,,,,,,,,,,,,,
2020-01-02T13:00:00+00:00,2021-06-17T10:16:13.846180+00:00,2021-06-17T10:16:13.846180+00:00,1577970000,US-CAL-CISO,303.64,276.57,,342.78,,10134,,,7010,116,17028,eia.gov,54.75,26.43,55.05,22.49,2276,,,7,2279,0,,5482,90,,3225.06,4.56,25.93,1141.28,3094.96,34.49,1349.34,7606.08,138.9,447.9,0,0,,,,,,,,,,,,,,,109,453.12,421,265.8,285,690.38,2197,429.52,-116,303.64,1506,121.13,58,517.03,34,295.27,888,460.86,1269,280.55,243,466.93,1.83,-3.85,,278.57,274.84,,,,,,,,,,,,,,,,,
2020-01-02T14:00:00+00:00,2021-06-17T10:16:13.846180+00:00,2021-06-17T10:16:13.846180+00:00,1577973600,US-CAL-CISO,305.48,275.14,,349.75,,10944,,,7499,150,18293,eia.gov,55.18,27.07,54.78,24.43,2275,,,7,2674,0,,5897,91,,3267.81,5.22,29.66,1243.24,3406.91,40.4,1478.81,8279.74,145.47,435.75,0,0,,,,,,,,,,,,,,,111,453.12,292,257.68,284,681.05,2475,422.79,-150,305.48,1411,119.96,52,515.55,32,305.16,1025,460.86,1485,292.75,332,435.12,1.64,-3.69,,278.45,274.62,,,,,,,,,,,,,,,,,
2020-01-02T15:00:00+00:00,2021-06-17T10:16:13.846180+00:00,2021-06-17T10:16:13.846180+00:00,1577977200,US-CAL-CISO,314.23,289.96,,347.56,,11612,,,8457,180,19889,eia.gov,56.76,26.6,57.82,22.61,2273,,,5,2480,145,,6619,90,,3325.1,5.83,33.73,1417.14,3199.74,190.06,1869.59,9290.78,149.81,441.6,0,0.17,,,,,,,,,,,,,,,91,453.12,320,237.39,276,670.61,3005,419.14,-180,314.23,1522,108.56,45,509.54,34,272.73,1131,460.86,1656,301.58,377,422.93,1.66,-3.42,0,278.21,274.29,0,,,,,,,,,,,,,,,,
2020-01-02T16:00:00+00:00,2021-06-17T10:16:13.846180+00:00,2021-06-17T10:16:13.846180+00:00,1577980800,US-CAL-CISO,296.87,263.71,,346.46,,13235,,,8847,192,21890,eia.gov,52.33,32.51,50.8,32.03,2273,,,8,1154,3085,,6624,91,,3325.62,6.31,35.85,1505.03,1874.48,3238.15,1971.46,9308.43,155.48,491.39,0,0.16,,,,,,,,,,,,,,,46,453.12,487,231.3,355,642.52,2979,431.37,-192,296.87,1686,109.22,101,499.86,35,268.84,1228,460.86,1612,291.97,318,433.49,1.47,-3.32,,279.01,274.69,,,,,,,,,,,,,,,,,
2020-01-02T17:00:00+00:00,2021-06-17T10:16:13.846180+00:00,2021-06-17T10:16:13.846180+00:00,1577984400,US-CAL-CISO,260.54,222.5,,332.74,,15159,,,7986,241,22904,eia.gov,44.74,41.32,41.09,43.91,2273,,,7,679,5978,,6131,91,,3193.56,5.65,32.09,1238.97,1246.55,6406.74,1780.54,8275.78,148.4,586.58,0,0.14,,,,,,,,,,,,,,,19,453.12,484,240.18,529,584.94,2565,408.14,-241,260.54,1627,109.06,134,462.04,32,272.38,1120,460.86,1330,261.4,146,439.62,1.51,-3.61,,280.36,274.83,,,,,,,,,,,,,,,,,
2020-01-02T18:00:00+00:00,2021-06-17T10:16:13.846180+00:00,2021-06-17T10:16:13.846180+00:00,1577988000,US-CAL-CISO,246.76,213.27,,319.57,,14688,,,6757,361,21084,eia.gov,41.92,43.56,38.91,45.62,2272,,,6,383,6318,,5619,90,,3061.42,4.91,27.9,1032.1,882.79,6767.47,1501.35,7116.27,139.44,550.23,0,0.12,,,,,,,,,,,,,,,-24,246.76,461,256.28,539,565.45,2026,388.04,-302,246.76,1489,110.21,73,438.3,28,257.41,1047,460.86,1094,241.68,-35,246.76,1.47,-3.68,452.22,281.5,274.86,0,,,,,,,,,,,,,,,,
2020-01-02T19:00:00+00:00,2021-06-17T10:16:13.846180+00:00,2021-06-17T10:16:13.846180+00:00,1577991600,US-CAL-CISO,240.35,209.17,,320.33,,15705,,,6122,456,21371,eia.gov,40.85,44.76,38.01,47.53,2272,,,6,538,6926,,5879,84,,3076.41,4.77,27.13,987.62,937.19,7333.51,1262.67,7142.34,131.35,468.02,0,0,,,,,,,,,,,,,,,-52,240.35,178,249.2,461,562.61,1957,383.11,-351,240.35,1265,112,32,440.48,24,229.05,1016,460.86,1189,233.87,-53,240.35,1.58,-3.78,,282.31,274.76,,,,,,,,,,,,,,,,,
2020-01-02T20:00:00+00:00,2021-06-17T10:16:13.846180+00:00,2021-06-17T10:16:13.846180+00:00,1577995200,US-CAL-CISO,247.76,216.79,,333.47,,15615,,,5642,473,20784,eia.gov,42.42,43.11,39.72,45.71,2275,,,7,565,6573,,6104,91,,3007.35,4.63,26.29,953.22,806.08,6985.19,1137.89,7250.49,136.32,476.56,0,0,,,,,,,,,,,,,,,-48,247.76,99,267.89,477,562.56,1979,386.82,-365,247.76,1008,119.33,31,449.25,21,215.88,961,460.86,1066,224.6,-60,247.76,1.72,-3.85,,282.89,274.64,,,,,,,,,,,,,,,,,
2020-01-02T21:00:00+00:00,2021-06-17T10:16:13.846180+00:00,2021-06-17T10:16:13.846180+00:00,1577998800,US-CAL-CISO,250.7,219.9,,334.91,,15835,,,5792,412,21215,eia.gov,43.01,42.51,40.33,45.3,2274,,,5,414,6760,,6290,92,,3071.08,4.73,26.86,988.93,633.45,7197.82,1156.25,7535.04,138.51,462.33,0,0,,,,,,,,,,,,,,,-26,250.7,118,267.57,445,564.47,2023,395.03,-336,250.7,994,119.43,52,452.94,21,290.27,963,460.86,1176,225.97,-50,250.7,2,-4.01,464.85,283.27,274.55,0,,,,,,,,,,,,,,,,
2020-01-02T22:00:00+00:00,2021-06-17T10:16:13.846180+00:00,2021-06-17T10:16:13.846180+00:00,1578002400,US-CAL-CISO,259.94,227.09,,349.23,,15771,,,5801,365,21207,eia.gov,44.84,40.68,41.89,43.69,2273,,,7,305,6586,,6508,92,,3071.11,4.95,28.14,1032.95,506.46,7007.56,1079.67,7862.63,140.64,472.89,0,0,,,,,,,,,,,,,,,-27,259.94,72,270.93,443,574.84,2095,414.88,-325,259.94,905,122.6,85,455.07,21,296.26,1024,460.86,1156,220.41,-13,259.94,1.97,-4.04,,283.37,274.52,,,,,,,,,,,,,,,,,
2020-01-02T23:00:00+00:00,2021-06-17T10:16:13.846180+00:00,2021-06-17T10:16:13.846180+00:00,1578006000,US-CAL-CISO,289.59,261.27,,358.99,,14479,,,5907,375,20011,eia.gov,51.01,33.52,49.62,34.68,2274,,,5,196,4825,,7088,91,,3096.23,5.14,29.23,1129.58,368.93,5199.72,1104.01,8512.45,141.35,424.35,0,0,,,,,,,,,,,,,,,-52,289.59,39,273.88,371,580.89,2231,433.87,-323,289.59,863,122.14,107,457.47,20,347.26,1052,460.86,1209,226.02,15,466.91,1.83,-3.93,,283.2,274.64,,,,,,,,,,,,,,,,,
2020-01-03T00:00:00+00:00,2021-06-17T10:16:13.846180+00:00,2021-06-17T10:16:13.846180+00:00,1578009600,US-CAL-CISO,350.68,345.68,,359.8,,12279,,,6726,199,18806,eia.gov,64.03,18.98,68.74,12.75,2274,,,6,149,1416,,8344,90,,3196.16,5.49,31.52,1273.01,336.89,1650.18,1544.78,10192.08,144.86,431.4,0,0.16,,,,,,,,,,,,,,,-19,350.68,172,267.21,342,608.15,2320,448.06,-180,350.68,1107,117.82,92,486.22,25,379.66,1102,460.86,1325,251.24,241,419.83,1.45,-3.46,4.95,282.26,274.89,0,,,,,,,,,,,,,,,,
2020-01-03T01:00:00+00:00,2021-06-17T10:16:13.846180+00:00,2021-06-17T10:16:13.846180+00:00,1578013200,US-CAL-CISO,375.36,397.08,,344.19,,12628,,,8800,95,21333,eia.gov,69.57,14.46,80.27,1.73,2274,,,5,167,51,,10040,91,,3428.76,6.03,56.35,1556.16,410.95,117.58,2493.31,12779.01,152.51,363.22,0,0,,,,,,,,,,,,,,,-70,375.36,276,240.43,208,653.31,3474,408.17,-25,375.36,1389,102.8,62,502.29,27,398.92,1222,460.86,1746,286.41,396,405.73,1.19,-3.23,,280.77,274.49,,,,,,,,,,,,,,,,,
2020-01-03T02:00:00+00:00,2021-06-17T10:16:13.846180+00:00,2021-06-17T10:16:13.846180+00:00,1578016800,US-CAL-CISO,369.06,397.19,,332.16,,12847,,,9792,135,22504,eia.gov,68.42,16.29,80.29,2.02,2273,,,6,209,50,,10218,91,,3470.55,5.92,66.3,1603.94,434.56,94.68,3064.92,13314.32,151.36,340.36,0,0,,,,,,,,,,,,,,,-135,369.06,630,209.31,175,647.46,3721,399.63,44,396.78,1549,95.36,81,495.85,27,379.07,1245,460.86,1880,296.69,440,393.59,0.9,-3.08,,280.4,274.29,,,,,,,,,,,,,,,,,
2020-01-03T03:00:00+00:00,2021-06-17T10:16:13.846180+00:00,2021-06-17T10:16:13.846180+00:00,1578020400,US-CAL-CISO,372.91,399.71,,338.27,,12897,,,9979,141,22735,eia.gov,69.06,15.72,80.82,1.54,2274,,,5,150,49,,10328,91,,3489.65,6.25,67.14,1669.42,341.42,97.69,3061.74,13538.11,154.71,351.42,0,0,,,,,,,,,,,,,,,-141,372.91,666,207.69,180,646.81,3763,411.43,64,385.14,1556,97.99,76,501.14,27,385.01,1295,460.86,1941,301.48,411,401.45,0.87,-2.92,11.01,280.32,274.66,0,,,,,,,,,,,,,,,,
2020-01-03T04:00:00+00:00,2021-06-17T10:16:13.846180+00:00,2021-06-17T10:16:13.846180+00:00,1578024000,US-CAL-CISO,373.68,403.84,,332.75,,12804,,,9438,124,22118,eia.gov,69.68,14.89,81.71,0.55,2272,,,5,60,10,,10367,90,,3438.06,5.41,56.22,1489.5,237.82,52.64,2941.24,13443.36,145.55,342.69,0,0,,,,,,,,,,,,,,,-124,373.68,760,212.98,176,650.03,3333,418.87,72,381.98,1631,100.22,72,502.02,29,378.17,1180,460.86,1810,294.27,375,409.59,0.79,-2.69,,280.19,274.45,,,,,,,,,,,,,,,,,
2020-01-03T05:00:00+00:00,2021-06-17T10:16:13.846180+00:00,2021-06-17T10:16:13.846180+00:00,1578027600,US-CAL-CISO,378.64,400.57,,348.24,,12703,,,9164,0,21867,eia.gov,70.48,13.87,81.03,1.07,2274,,,5,136,0,,10198,90,,3440.9,5.85,50.32,1547.33,346.78,44.17,2586.23,13367.76,150.66,356.4,0,0,,,,,,,,,,,,,,,12,453.12,530,236.79,187,655.4,3395,423.66,42,405.01,1468,110.97,96,507.42,28,379.45,1221,460.86,1831,298.78,354,424.87,0.67,-2.53,,280.05,274.25,,,,,,,,,,,,,,,,,
2020-01-03T06:00:00+00:00,2021-06-17T10:16:13.846180+00:00,2021-06-17T10:16:13.846180+00:00,1578031200,US-CAL-CISO,381.88,398.26,,358.87,,12255,,,8729,0,20984,eia.gov,70.93,12.75,80.53,0.96,2268,,,6,118,0,,9773,90,,3439.27,6.09,44.59,1546.18,368.95,45.79,2215.06,12827.04,153.44,367.21,0,0,,,,,,,,,,,,,,,37,453.12,481,250.66,206,660.58,2944,452.55,50,409.06,1498,121.41,110,512.95,30,391.76,1255,460.86,1815,298.23,303,451.06,0.55,-2.44,0,279.93,274.05,0,,,,,,,,,,,,,,,,
2020-01-03T07:00:00+00:00,2021-06-17T10:16:13.846180+00:00,2021-06-17T10:16:13.846180+00:00,1578034800,US-CAL-CISO,381.23,391.74,,366.06,,11751,,,8147,0,19898,eia.gov,70.85,11.91,79.29,1.4,2270,,,5,164,0,,9266,46,,3435.95,6.31,35.87,1453.85,439.56,47.24,1843.56,12153.46,111.69,381.92,0,0,,,,,,,,,,,,,,,31,453.12,392,280.12,226,667.19,2567,459.18,52,423.94,1393,132.75,129,519.33,29,425.73,1288,460.86,1784,297.24,256,463.88,0.38,-2.39,,279.78,273.89,,,,,,,,,,,,,,,,,
2020-01-03T08:00:00+00:00,2021-06-17T10:16:13.846180+00:00,2021-06-17T10:16:13.846180+00:00,1578038400,US-CAL-CISO,381.64,386.39,,374.81,,11136,,,7735,20,18851,eia.gov,70.68,11.26,78.15,1.47,2269,,,6,164,0,,8651,46,,3417.41,6.46,36.72,1430.92,481.35,48.27,1555.16,11390.52,112.96,396.46,0,0,,,,,,,,,,,,,,,68,453.12,332,293.56,242,669.27,2414,473.67,-20,381.64,1278,140.66,118,525.33,27,407.16,1286,460.86,1734,294.66,236,462.23,0.17,-2.26,,279.62,273.68,,,,,,,,,,,,,,,,,
2020-01-03T09:00:00+00:00,2021-06-17T10:16:13.846180+00:00,2021-06-17T10:16:13.846180+00:00,1578042000,US-CAL-CISO,379.39,383.11,,373.75,,10947,,,7221,32,18136,eia.gov,70.19,11.29,77.46,1.83,2267,,,6,200,0,,8428,46,,3362.27,6.04,34.31,1365.99,549.24,44.71,1414.7,10851.9,108.8,405.09,0,0,,,,,,,,,,,,,,,19,453.12,343,302.3,262,671.71,2183,472.88,-32,379.39,1224,147.83,95,527.89,27,373.69,1215,460.86,1639,291.83,214,461.83,0.02,-2.03,0,279.59,273.88,0,,,,,,,,,,,,,,,,
2020-01-03T10:00:00+00:00,2021-06-17T10:16:13.846180+00:00,2021-06-17T10:16:13.846180+00:00,1578045600,US-CAL-CISO,381.68,384.46,,377.11,,10891,,,6631,37,17485,eia.gov,70.72,10.49,77.61,1.55,2270,,,6,169,0,,8355,91,,3288.11,5.57,31.66,1269.65,473.69,41.36,1283.45,10529.29,148.89,418.14,0,0,,,,,,,,,,,,,,,13,453.12,300,312.38,282,675.87,2026,473.78,-37,381.68,1104,150.83,80,527.46,27,379.07,1112,460.86,1501,288.02,186,466.84,-0.14,-1.73,,279.49,273.76,,,,,,,,,,,,,,,,,
2020-02-26T01:00:00+00:00,2021-06-17T10:16:13.846180+00:00,2021-06-17T10:16:13.846180+00:00,1582678800,US-CAL-CISO,328.06,342.7,,295.11,,14205,,,6315,479,20041,eia.gov,61.42,24.28,68,16.06,2264,,,23,495,1787,,9545,91,,2866.77,3.83,21.78,850.39,583.76,2035.62,2220.06,11087.48,127.63,243.68,0,0,,,,,,,,,,,,,,,-27,328.06,616,188.21,226,552.68,2975,340.07,-452,328.06,880,75.92,4,443.13,29,288.37,593,460.86,857,248.1,135,357.11,-0.66,-3.22,,285.4,271.64,,,,,,,,,,,,,,,,,